<?xml version='1.1' encoding='UTF-8'?>
<org.jvnet.hudson.plugins.SSHBuildWrapper_-DescriptorImpl plugin="ssh@2.6.1">
  <sites>
    <org.jvnet.hudson.plugins.CredentialsSSHSite>
      <hostname>192.168.56.30</hostname>
      <username>vagrant</username>
      <port>22</port>
      <credentialId>st_pr</credentialId>
      <serverAliveInterval>0</serverAliveInterval>
      <timeout>0</timeout>
      <pty>false</pty>
    </org.jvnet.hudson.plugins.CredentialsSSHSite>
    <org.jvnet.hudson.plugins.CredentialsSSHSite>
      <hostname>192.168.56.40</hostname>
      <username>vagrant</username>
      <port>22</port>
      <credentialId>st_pr</credentialId>
      <serverAliveInterval>0</serverAliveInterval>
      <timeout>0</timeout>
      <pty>false</pty>
    </org.jvnet.hudson.plugins.CredentialsSSHSite>
  </sites>
</org.jvnet.hudson.plugins.SSHBuildWrapper_-DescriptorImpl>